{
  "total_return": 0.460635539540573,
  "cagr": 0.2668733171170383,
  "max_drawdown": -0.16161205488508545,
  "volatility": 0.19613868876258805,
  "sharpe_like": 1.0731518894017822,
  "mar": 1.6513206103764912,
  "trade_count": 7.0
}